City,URL
Shanghai,www.dianping.com/shanghai/ch75/g34311
Beijing,www.dianping.com/beijing/ch75/g34311
Guangzhou,www.dianping.com/guangzhou/ch75/g34311
Chengdu,www.dianping.com/chengdu/ch75/g34311
Chongqing,www.dianping.com/chongqing/ch75/g34311
Shenzhen,www.dianping.com/shenzhen/ch75/g34311
Tianjin,www.dianping.com/tianjin/ch75/g34311
Wuhan,www.dianping.com/wuhan/ch75/g34311
Xi'an,www.dianping.com/xian/ch75/g34311
Hangzhou,www.dianping.com/hangzhou/ch75/g34311
Dongguan,www.dianping.com/dongguan/ch75/g34311
Foshan,www.dianping.com/foshan/ch75/g34311
Nanjing,www.dianping.com/nanjing/ch75/g34311
Jinan,www.dianping.com/jinan/ch75/g34311
Shenyang,www.dianping.com/shenyang/ch75/g34311
Qingdao,www.dianping.com/qingdao/ch75/g34311
Harbin,www.dianping.com/haerbin/ch75/g34311
Zhengzhou,www.dianping.com/zhengzhou/ch75/g34311
Changsha,www.dianping.com/changsha/ch75/g34311
Kunming,www.dianping.com/kunming/ch75/g34311
Dalian,www.dianping.com/dalian/ch75/g34311
Changchun,www.dianping.com/changchun/ch75/g34311
Xiamen,www.dianping.com/xiamen/ch75/g34311
Ningbo,www.dianping.com/ningbo/ch75/g34311
Taiyuan,www.dianping.com/taiyuan/ch75/g34311
Zhongshan,www.dianping.com/zhongshan/ch75/g34311
Ürümqi,www.dianping.com/wulumuqi/ch75/g34311
Suzhou,www.dianping.com/suzhou/ch75/g34311
Shantou,www.dianping.com/shantou/ch75/g34311
Hefei,www.dianping.com/hefei/ch75/g34311
Shijiazhuang,www.dianping.com/shijiazhuang/ch75/g34311
Fuzhou,www.dianping.com/fuzhou/ch75/g34311
Nanning,www.dianping.com/nanning/ch75/g34311
Wenzhou,www.dianping.com/wenzhou/ch75/g34311
Changzhou,www.dianping.com/changzhou/ch75/g34311
Nanchang,www.dianping.com/nanchang/ch75/g34311
Guiyang,www.dianping.com/guiyang/ch75/g34311
Tangshan,www.dianping.com/tangshan/ch75/g34311
Wuxi,www.dianping.com/wuxi/ch75/g34311
Lanzhou,www.dianping.com/lanzhou/ch75/g34311
Handan,www.dianping.com/handan/ch75/g34311
Hohhot,www.dianping.com/huhehaote/ch75/g34311
Weifang,www.dianping.com/weifang/ch75/g34311
Jiangmen,www.dianping.com/jiangmen/ch75/g34311
Zibo,www.dianping.com/zibo/ch75/g34311
Huai'an,www.dianping.com/huaian/ch75/g34311
Xuzhou,www.dianping.com/xuzhou/ch75/g34311
Maoming,www.dianping.com/maoming/ch75/g34311
Shaoxing,www.dianping.com/shaoxing/ch75/g34311
Yantai,www.dianping.com/yantai/ch75/g34311
Huizhou,www.dianping.com/huizhou/ch75/g34311
Zhuhai,www.dianping.com/zhuhai/ch75/g34311
Luoyang,www.dianping.com/luoyang/ch75/g34311
Linyi,www.dianping.com/linyi/ch75/g34311
Nantong,www.dianping.com/nantong/ch75/g34311
Haikou,www.dianping.com/haikou/ch75/g34311
Baotou,www.dianping.com/baotou/ch75/g34311
Liuzhou,www.dianping.com/liuzhou/ch75/g34311
Datong,www.dianping.com/datong/ch75/g34311
Putian,www.dianping.com/putian/ch75/g34311
Lianyungang,www.dianping.com/lianyuangang/ch75/g34311
Baoding,www.dianping.com/baoding/ch75/g34311
Xining,www.dianping.com/xining/ch75/g34311
Zhanjiang,www.dianping.com/zhanjiang/ch75/g34311
Wuhu,www.dianping.com/wuhu/ch75/g34311
Chaozhou,www.dianping.com/chaozhou/ch75/g34311
Qingyuan,www.dianping.com/qingyuan/ch75/g34311
Tai'an,www.dianping.com/taian/ch75/g34311
Yichang,www.dianping.com/yichang/ch75/g34311
Yangzhou,www.dianping.com/yangzhou/ch75/g34311
Yinchuan,www.dianping.com/yinchuan/ch75/g34311
Xiangyang,www.dianping.com/xiangyang/ch75/g34311
Anshan,www.dianping.com/anshan/ch75/g34311
Jilin,www.dianping.com/jilin/ch75/g34311
Yancheng,www.dianping.com/yancheng/ch75/g34311
Taizhou,www.dianping.com/taizhou/ch75/g34311
Qinhuangdao,www.dianping.com/qinhuangdao/ch75/g34311
Ganzhou,www.dianping.com/ganzhou/ch75/g34311
Daqing,www.dianping.com/daqing/ch75/g34311
Guilin,www.dianping.com/guilin/ch75/g34311
Huzhou,www.dianping.com/huzhou/ch75/g34311
Zhaoqing,www.dianping.com/zhaoqing/ch75/g34311
Jiaxing,www.dianping.com/jiaxing/ch75/g34311
Jining,www.dianping.com/jining/ch75/g34311
Jinhua,www.dianping.com/jinhua/ch75/g34311
Changde,www.dianping.com/changde/ch75/g34311
Hengyang,www.dianping.com/hengyang/ch75/g34311
Suqian,www.dianping.com/suqian/ch75/g34311
Baoji,www.dianping.com/baoji/ch75/g34311
Zhangjiakou,www.dianping.com/zhangjiakou/ch75/g34311
Mianyang,www.dianping.com/mianyang/ch75/g34311
Qiqihar,www.dianping.com/qiqihaer/ch75/g34311
Heze,www.dianping.com/heze/ch75/g34311
Fushun,www.dianping.com/fushun/ch75/g34311
Yangjiang,www.dianping.com/yangjiang/ch75/g34311
Liaocheng,www.dianping.com/liaocheng/ch75/g34311
Tianshui,www.dianping.com/tianshui/ch75/g34311
Benxi,www.dianping.com/benxi/ch75/g34311
Chifeng,www.dianping.com/chifeng/ch75/g34311
Jiujiang,www.dianping.com/jiujiang/ch75/g34311
Anyang,www.dianping.com/anyang/ch75/g34311
Huaibei,www.dianping.com/huaibei/ch75/g34311
Yulin,www.dianping.com/guangxiyulin/ch75/g34311
Xinxiang,www.dianping.com/xinxiang/ch75/g34311
Shaoguan,www.dianping.com/shaoguan/ch75/g34311
Dongying,www.dianping.com/dongying/ch75/g34311
Luzhou,www.dianping.com/luzhou/ch75/g34311
Meizhou,www.dianping.com/meizhou/ch75/g34311
Leshan,www.dianping.com/leshan/ch75/g34311
Dezhou,www.dianping.com/dezhou/ch75/g34311
Xingtai,www.dianping.com/xingtai/ch75/g34311
Chenzhou,www.dianping.com/chenzhou/ch75/g34311
Mudanjiang,www.dianping.com/mudanjiang/ch75/g34311
Tongliao,www.dianping.com/tongliao/ch75/g34311
Chengde,www.dianping.com/chengde/ch75/g34311
Laiwu,www.dianping.com/laiwu/ch75/g34311
Taishan,www.dianping.com/taishan/ch75/g34311
Quzhou,www.dianping.com/quzhou/ch75/g34311
Zhoushan,www.dianping.com/zhoushan/ch75/g34311
Suihua,www.dianping.com/suihua/ch75/g34311
Langfang,www.dianping.com/langfang/ch75/g34311
Hengshui,www.dianping.com/hengshui/ch75/g34311
Yingkou,www.dianping.com/yingkou/ch75/g34311
Panjin,www.dianping.com/panjin/ch75/g34311
Weihai,www.dianping.com/weihai/ch75/g34311
Anqing,www.dianping.com/anqing/ch75/g34311
Liaoyang,www.dianping.com/liaoyang/ch75/g34311
Puyang,www.dianping.com/puyang/ch75/g34311
Fuxin,www.dianping.com/fuxin/ch75/g34311
Jieyang,www.dianping.com/jieyang/ch75/g34311
Yangquan,www.dianping.com/yangquan/ch75/g34311
Jiamusi,www.dianping.com/jiamusi/ch75/g34311
Huludao,www.dianping.com/huludao/ch75/g34311
Zhumadian,www.dianping.com/zhumadian/ch75/g34311
Kashgar,www.dianping.com/kashidiqu/ch75/g34311
Dazhou,www.dianping.com/dazhou/ch75/g34311
Heyuan,www.dianping.com/heyuan/ch75/g34311
Longyan,www.dianping.com/longyan/ch75/g34311
Aksu,www.dianping.com/akesudiqu/ch75/g34311
Ordos,www.dianping.com/eerduosi/ch75/g34311
Hegang,www.dianping.com/hegang/ch75/g34311
Binzhou,www.dianping.com/binzhou/ch75/g34311
Siping,www.dianping.com/siping/ch75/g34311
Sanmenxia,www.dianping.com/sanmenxia/ch75/g34311
Dandong,www.dianping.com/dandong/ch75/g34311
Suining,www.dianping.com/suining/ch75/g34311
Sanya,www.dianping.com/sanya/ch75/g34311
Ji'an,www.dianping.com/jian/ch75/g34311
Cangzhou,www.dianping.com/cangzhou/ch75/g34311
Qitaihe,www.dianping.com/qitaihe/ch75/g34311
Yichun,www.dianping.com/jiangxiyichun/ch75/g34311
Tonghua,www.dianping.com/tonghua/ch75/g34311
Jixi,www.dianping.com/jixi/ch75/g34311
Korla,www.dianping.com/kuerle/ch75/g34311
Chaoyang,www.dianping.com/chaoyang/ch75/g34311
Dingxi,www.dianping.com/dingxi/ch75/g34311
Shuangyashan,www.dianping.com/shuangyashan/ch75/g34311
Songyuan,www.dianping.com/songyuan/ch75/g34311
Nanping,www.dianping.com/nanping/ch75/g34311
Liaoyuan,www.dianping.com/liaoyuan/ch75/g34311
Lhasa,www.dianping.com/lasa/ch75/g34311
Karamay,www.dianping.com/kelamayi/ch75/g34311
Shanwei,www.dianping.com/shanwei/ch75/g34311
Tieling,www.dianping.com/tieling/ch75/g34311
Suihua,www.dianping.com/suihua/ch75/g34311
Ulanqab,www.dianping.com/wulanchabu/ch75/g34311
Hami,www.dianping.com/hami/ch75/g34311
Huangshan,www.dianping.com/huangshan/ch75/g34311
Hotan,www.dianping.com/hetiandiqu/ch75/g34311
Wuwei,www.dianping.com/wuwei/ch75/g34311
Baishan,www.dianping.com/baishan/ch75/g34311
Sanming,www.dianping.com/sanming/ch75/g34311
Yunfu,www.dianping.com/yunfu/ch75/g34311
Hailar,www.dianping.com/hulunbeier/ch75/g34311
Zhaotong,www.dianping.com/zhaotong/ch75/g34311
Ningde,www.dianping.com/ningde/ch75/g34311
Baicheng,www.dianping.com/baicheng/ch75/g34311
Hunchun,www.dianping.com/huichun/ch75/g34311
Zhangjiajie,www.dianping.com/zhangjiajie/ch75/g34311
Golmud,www.dianping.com/geermu/ch75/g34311
Yumen City,www.dianping.com/yumen/ch75/g34311
Altay City,www.dianping.com/aletaidiqu/ch75/g34311